{
  "tx": 2270,
  "ty": 76,
  "H": [
    [
      0.9999004728422323,
      -2.8545171731590644e-05,
      0.17725898786668304
    ],
    [
      -2.6070366436411894e-05,
      0.99991898609843,
      0.12484702872035891
    ],
    [
      -1.3967695031571668e-08,
      -9.170474587626562e-09,
      0.9999999999999999
    ]
  ]
}